案件編號,案件申請日期,單位,案件狀態,最後一張路證施工截止日期
216356,2024/12/18,中華電信台南營運處第三客網中心(新營區),(變更案件)已核發(新系統),2025/3/31
187715,2022/11/29,臺南市政府水利局雨水下水道工程科,(展延案件)已核發(新系統),2025/3/31
195395,2023/6/6,臺南市政府水利局雨水下水道工程科,(展延案件)已核發(新系統),2025/3/31
215250,2024/11/15,中華電信公司台南營運處第二客網中心,(展延案件)已核發(新系統),2025/3/31
198064,2023/8/7,台灣電力公司台南區營業處,(展延案件)已核發(新系統),2025/3/31
210948,2024/7/12,臺南市政府工務局養護工程科一股,(展延案件)已核發(新系統),2025/3/31
215113,2024/11/12,台灣電力股份有限公司新營區營業處,(展延案件)已核發(新系統),2025/3/31
215549,2024/11/23,中華電信台南營運處第三客網中心(新營區),(展延案件)已核發(新系統),2025/3/31
217160,2025/1/15,中華電信公司台南營運處第三客網中心(佳里區),(一般案件)已核發(新系統),2025/3/31
217196,2025/1/16,中華電信公司台南營運處第三客網中心(佳里區),(一般案件)已核發(新系統),2025/3/31
190404,2023/2/16,臺南市政府水利局雨水下水道工程科,(展延案件)已核發(新系統),2025/3/31
212457,2024/8/27,中華電信公司台南營運處第二客網中心,(展延案件)已核發(新系統),2025/3/31
214880,2024/11/6,中華電信台南營運處第三客網中心(新營區),完工申請待簽核(新系統),2025/3/31
215203,2024/11/14,台灣電力股份有限公司新營區營業處,(展延案件)已核發(新系統),2025/3/31
214874,2024/11/6,中華電信台南營運處第三客網中心(新營區),完工申請待簽核(新系統),2025/3/29
214878,2024/11/6,中華電信台南營運處第三客網中心(新營區),完工申請待簽核(新系統),2025/3/29
205970,2024/3/5,台灣電力公司台南區營業處,(展延案件)已核發(新系統),2025/3/29
214875,2024/11/6,中華電信台南營運處第三客網中心(新營區),完工申請待簽核(新系統),2025/3/29
214877,2024/11/6,中華電信台南營運處第三客網中心(新營區),完工申請待簽核(新系統),2025/3/29
214911,2024/11/6,台灣電力公司台南區營業處,(展延案件)已核發(新系統),2025/3/28
214871,2024/11/6,中華電信台南營運處第三客網中心(新營區),(展延案件)已核發(新系統),2025/3/28
215207,2024/11/14,中華電信台南營運處第三客網中心(新營區),(展延案件)已核發(新系統),2025/3/28
215011,2024/11/8,中華電信公司台南營運處第二客網中心,完工申請待簽核(新系統),2025/3/27
214416,2024/10/24,台灣自來水股份有限公司第六區管理處永康服務所,(展延案件)已核發(新系統),2025/3/26
215208,2024/11/14,中華電信公司台南營運處第二客網中心,(展延案件)已核發(新系統),2025/3/26
200045,2023/9/26,台灣電力公司台南區營業處,(展延案件)已核發(新系統),2025/3/25
215069,2024/11/11,中華電信公司台南營運處第一客網中心,(展延案件)已核發(新系統),2025/3/25
200048,2023/9/26,台灣電力公司台南區營業處,(展延案件)已核發(新系統),2025/3/25
214798,2024/11/4,中華電信台南營運處第三客網中心(新營區),(展延案件)已核發(新系統),2025/3/24
214896,2024/11/6,中華電信台南營運處第三客網中心(新營區),(一般案件)已核發(新系統),2025/3/24
215201,2024/11/14,中華電信公司台南營運處第二客網中心,(展延案件)已核發(新系統),2025/3/24
214802,2024/11/4,中華電信公司台南營運處第二客網中心,(展延案件)已核發(新系統),2025/3/24
215031,2024/11/11,中華電信公司台南營運處第二客網中心,(展延案件)已核發(新系統),2025/3/24
216276,2024/12/16,中華電信公司台南營運處第一客網中心,(一般案件)已核發(新系統),2025/3/24
208391,2024/5/6,台灣電力公司台南區營業處,(展延案件)已核發(新系統),2025/3/24
216458,2024/12/23,大台南天然氣股份有限公司,(一般案件)已核發(新系統),2025/3/24
217519,2025/1/30,台灣自來水公司台南給水廠,(一般案件)已核發(新系統),2025/3/24
203975,2024/1/9,台灣電力公司台南區營業處,(展延案件)已核發(新系統),2025/3/24
214973,2024/11/7,台灣電力股份有限公司新營區營業處,(展延案件)已核發(新系統),2025/3/24
215037,2024/11/11,中華電信公司台南營運處第二客網中心,(展延案件)已核發(新系統),2025/3/24
215927,2024/12/4,中華電信台南營運處第三客網中心(新營區),(一般案件)已核發(新系統),2025/3/23
212947,2024/9/9,台灣電力公司台南區營業處,(展延案件)已核發(新系統),2025/3/23
216847,2025/1/3,中華電信台南營運處第三客網中心(新營區),完工申請待簽核(新系統),2025/3/23
216975,2025/1/8,中華電信台南營運處第三客網中心(新營區),(一般案件)已核發(新系統),2025/3/23
217460,2025/1/23,台灣自來水公司台南給水廠,(一般案件)已核發(新系統),2025/3/23
217072,2025/1/11,中華電信台南營運處第三客網中心(新營區),完工申請待簽核(新系統),2025/3/23
215014,2024/11/8,中華電信公司台南營運處第一客網中心,(變更案件)已核發(新系統),2025/3/22
212923,2024/9/9,台灣電力公司台南區營業處,(展延案件)已核發(新系統),2025/3/22
213293,2024/9/19,台灣電力公司台南區營業處,(展延案件)已核發(新系統),2025/3/22
206290,2024/3/12,中華電信公司台南營運處第二客網中心,(展延案件)已核發(新系統),2025/3/22
216553,2024/12/25,中華電信台南營運處第三客網中心(新營區),(一般案件)已核發(新系統),2025/3/22
217413,2025/1/22,台灣自來水公司台南給水廠,(一般案件)已核發(新系統),2025/3/21
209894,2024/6/13,中華電信公司台南營運處第一客網中心,(展延案件)已核發(新系統),2025/3/21
212935,2024/9/9,台灣電力公司台南區營業處,(展延案件)已核發(新系統),2025/3/21
215315,2024/11/18,中華電信公司台南營運處第一客網中心,(展延案件)已核發(新系統),2025/3/21
212900,2024/9/6,台灣電力股份有限公司新營區營業處,(展延案件)已核發(新系統),2025/3/21
217071,2025/1/11,台灣自來水股份有限公司第六區管理處麻豆服務所,(一般案件)已核發(新系統),2025/3/21
217373,2025/1/22,台灣自來水公司台南給水廠,(一般案件)已核發(新系統),2025/3/21
217315,2025/1/21,台灣自來水公司台南給水廠,(一般案件)已核發(新系統),2025/3/20
217130,2025/1/14,台灣自來水股份有限公司第六區管理處歸仁服務所,(一般案件)已核發(新系統),2025/3/20
214667,2024/10/30,中華電信公司台南營運處第一客網中心,(展延案件)已核發(新系統),2025/3/19
214358,2024/10/22,中華電信公司台南營運處第一客網中心,(展延案件)已核發(新系統),2025/3/19
214407,2024/10/23,中華電信公司台南營運處第一客網中心,(展延案件)已核發(新系統),2025/3/19
212973,2024/9/10,大台南天然氣股份有限公司,(展延案件)已核發(新系統),2025/3/18
214855,2024/11/5,中華電信公司台南營運處第一客網中心,(展延案件)已核發(新系統),2025/3/18
216384,2024/12/19,中華電信台南營運處第三客網中心(新營區),完工申請待簽核(新系統),2025/3/18
214680,2024/10/30,中華電信公司台南營運處第一客網中心,(展延案件)已核發(新系統),2025/3/17
214697,2024/11/1,中華電信公司台南營運處第二客網中心,(展延案件)已核發(新系統),2025/3/17
212801,2024/9/4,交通局交通管制科,(展延案件)已核發(新系統),2025/3/17
207516,2024/4/14,中華電信公司台南營運處第二客網中心,(展延案件)已核發(新系統),2025/3/17
217016,2025/1/9,台灣自來水股份有限公司第六區管理處歸仁服務所,(一般案件)已核發(新系統),2025/3/17
214631,2024/10/30,中華電信台南營運處第三客網中心(新營區),(展延案件)已核發(新系統),2025/3/17
212462,2024/8/27,台灣電力股份有限公司新營區營業處,(展延案件)已核發(新系統),2025/3/16
217155,2025/1/15,大台南天然氣股份有限公司,(一般案件)已核發(新系統),2025/3/16
216494,2024/12/23,中華電信台南營運處第三客網中心(新營區),(一般案件)已核發(新系統),2025/3/16
204686,2024/1/25,台灣電力公司台南區營業處,(展延案件)已核發(新系統),2025/3/16
214075,2024/10/15,中華電信公司台南營運處第二客網中心,(展延案件)已核發(新系統),2025/3/16
215213,2024/11/14,交通局交通管制科,完工申請待簽核(新系統),2025/3/16
216492,2024/12/23,中華電信台南營運處第三客網中心(新營區),(變更案件)已核發(新系統),2025/3/16
217070,2025/1/11,台灣自來水股份有限公司第六區管理處歸仁服務所,(一般案件)已核發(新系統),2025/3/16
205738,2024/2/27,台灣電力公司台南區營業處,(展延案件)已核發(新系統),2025/3/16
216495,2024/12/23,中華電信台南營運處第三客網中心(新營區),(變更案件)已核發(新系統),2025/3/16
217032,2025/1/9,中華電信台南營運處第三客網中心(新營區),完工申請待簽核(新系統),2025/3/16
202146,2023/11/17,台灣電力公司台南區營業處,(展延案件)已核發(新系統),2025/3/15
202461,2023/11/24,台灣電力公司台南區營業處,(展延案件)已核發(新系統),2025/3/15
202148,2023/11/17,台灣電力公司台南區營業處,(展延案件)已核發(新系統),2025/3/15
202463,2023/11/24,台灣電力公司台南區營業處,(展延案件)已核發(新系統),2025/3/15
216593,2024/12/26,中華電信公司台南營運處第二客網中心,(一般案件)已核發(新系統),2025/3/15
216771,2024/12/31,中華電信台南營運處第三客網中心(新營區),(一般案件)已核發(新系統),2025/3/14
210950,2024/7/12,大台南天然氣股份有限公司,(展延案件)已核發(新系統),2025/3/14
211795,2024/8/7,中華電信公司台南營運處第一客網中心,(一般案件)已核發(新系統),2025/3/14
215855,2024/12/3,臺南市政府水利局污水養護工程科,(一般案件)已核發(新系統),2025/3/14
216690,2024/12/30,中華電信台南營運處第三客網中心(新營區),完工申請待簽核(新系統),2025/3/14
214605,2024/10/29,中華電信台南營運處第三客網中心(新營區),(展延案件)已核發(新系統),2025/3/14
212829,2024/9/5,中華電信公司台南營運處第二客網中心,(展延案件)已核發(新系統),2025/3/14
202462,2023/11/24,台灣電力公司台南區營業處,(展延案件)已核發(新系統),2025/3/14
205595,2024/2/23,台灣電力公司台南區營業處,(展延案件)已核發(新系統),2025/3/14
213553,2024/9/26,中華電信公司台南營運處第二客網中心,(展延案件)已核發(新系統),2025/3/14
217133,2025/1/14,台灣自來水公司台南給水廠,(一般案件)已核發(新系統),2025/3/14
212592,2024/8/30,中華電信公司台南營運處第三客網中心(佳里區),(展延案件)已核發(新系統),2025/3/14
208921,2024/5/20,麗升五福股份有限公司,(展延案件)已核發(新系統),2025/3/14
208949,2024/5/21,麗升五福股份有限公司,(展延案件)已核發(新系統),2025/3/14
216496,2024/12/23,中華電信公司台南營運處第一客網中心,(一般案件)已核發(新系統),2025/3/13
216828,2025/1/3,中華電信公司台南營運處第二客網中心,完工申請待簽核(新系統),2025/3/13
216896,2025/1/7,中華電信台南營運處第三客網中心(新營區),完工申請待簽核(新系統),2025/3/13
217040,2025/1/9,大台南天然氣股份有限公司,(一般案件)已核發(新系統),2025/3/13
212520,2024/8/28,中華電信公司台南營運處第三客網中心(佳里區),(展延案件)已核發(新系統),2025/3/13
203233,2023/12/14,台灣電力公司台南區營業處,(展延案件)已核發(新系統),2025/3/13
213084,2024/9/11,中華電信公司台南營運處第二客網中心,(展延案件)已核發(新系統),2025/3/13
214101,2024/10/16,中華電信公司台南營運處第二客網中心,(展延案件)已核發(新系統),2025/3/13
216961,2025/1/8,台灣自來水股份有限公司第六區管理處歸仁服務所,(一般案件)已核發(新系統),2025/3/13
199644,2023/9/18,台灣電力公司台南區營業處,(展延案件)已核發(新系統),2025/3/12
214489,2024/10/25,中華電信台南營運處第三客網中心(新營區),(展延案件)已核發(新系統),2025/3/12
214623,2024/10/29,中華電信公司台南營運處第三客網中心(佳里區),(展延案件)已核發(新系統),2025/3/11
217083,2025/1/13,台灣自來水公司台南給水廠,(一般案件)已核發(新系統),2025/3/11
214527,2024/10/28,中華電信台南營運處第三客網中心(新營區),(展延案件)已核發(新系統),2025/3/11
216704,2024/12/30,中華電信台南營運處第三客網中心(新營區),完工申請待簽核(新系統),2025/3/10
214460,2024/10/25,中華電信台南營運處第三客網中心(新營區),(展延案件)已核發(新系統),2025/3/10
212796,2024/9/4,交通局交通管制科,(展延案件)已核發(新系統),2025/3/10
214604,2024/10/29,交通局交通管制科,(展延案件)已核發(新系統),2025/3/10
197128,2023/7/14,內政部國土管理署下水道分署,(展延案件)已核發(新系統),2025/3/10
215544,2024/11/23,台灣電力股份有限公司新營區營業處,(一般案件)已核發(新系統),2025/3/10
210270,2024/6/24,地政局開發工程科,(展延案件)已核發(新系統),2025/3/10
208144,2024/4/29,中華電信公司台南營運處第二客網中心,(展延案件)已核發(新系統),2025/3/10
214731,2024/11/1,中華電信台南營運處第三客網中心(新營區),(展延案件)已核發(新系統),2025/3/10
216490,2024/12/23,中華電信台南營運處第三客網中心(新營區),(一般案件)已核發(新系統),2025/3/10
212527,2024/8/28,交通局交通管制科,(展延案件)已核發(新系統),2025/3/10
210095,2024/6/18,台灣電力公司台南區營業處,(展延案件)已核發(新系統),2025/3/10
212782,2024/9/4,交通局交通管制科,(展延案件)已核發(新系統),2025/3/10
211577,2024/8/1,大台南天然氣股份有限公司,(展延案件)已核發(新系統),2025/3/9
214508,2024/10/26,中華電信台南營運處第三客網中心(新營區),完工申請待簽核(新系統),2025/3/8
216068,2024/12/10,臺南市政府工務局養護工程科一股,(一般案件)已核發(新系統),2025/3/8
216113,2024/12/10,臺南市政府工務局養護工程科一股,(一般案件)已核發(新系統),2025/3/8
216674,2024/12/28,中華電信台南營運處第三客網中心(新營區),完工申請待簽核(新系統),2025/3/6
213928,2024/10/9,中華電信台南營運處第三客網中心(新營區),完工申請待簽核(新系統),2025/3/6
213908,2024/10/9,中華電信台南營運處第三客網中心(新營區),完工申請待簽核(新系統),2025/3/6
214550,2024/10/28,中華電信台南營運處第三客網中心(新營區),完工申請待簽核(新系統),2025/3/6
214452,2024/10/24,中華電信台南營運處第三客網中心(新營區),完工申請待簽核(新系統),2025/3/5
211366,2024/7/23,國立新營高級工業職業學校,(展延案件)已核發(新系統),2025/3/5
216482,2024/12/23,中華電信台南營運處第三客網中心(新營區),完工申請待簽核(新系統),2025/3/4
216255,2024/12/16,中華電信台南營運處第三客網中心(新營區),完工申請待簽核(新系統),2025/3/3
216463,2024/12/23,中華電信台南營運處第三客網中心(新營區),完工申請待簽核(新系統),2025/3/3
216032,2024/12/9,中華電信台南營運處第三客網中心(新營區),完工申請待簽核(新系統),2025/3/3
216188,2024/12/12,中華電信台南營運處第三客網中心(新營區),完工申請待簽核(新系統),2025/2/28
216394,2024/12/19,臺南市政府工務局養護工程科一股,(一般案件)已核發(新系統),2025/2/28
213851,2024/10/8,中華電信台南營運處第三客網中心(新營區),完工申請待簽核(新系統),2025/2/28
214293,2024/10/21,中華電信台南營運處第三客網中心(新營區),完工申請待簽核(新系統),2025/2/28
215727,2024/11/28,台灣自來水公司第六區管理處玉井營運所,(一般案件)已核發(新系統),2025/2/26
213499,2024/9/25,中華電信台南營運處第三客網中心(新營區),完工申請待簽核(新系統),2025/2/26
213613,2024/9/30,中華電信台南營運處第三客網中心(新營區),完工申請待簽核(新系統),2025/2/24
213726,2024/10/4,中華電信台南營運處第三客網中心(新營區),完工申請待簽核(新系統),2025/2/24
213664,2024/9/30,中華電信台南營運處第三客網中心(新營區),完工申請待簽核(新系統),2025/2/24
216395,2024/12/19,臺南市政府工務局養護工程科一股,(一般案件)已核發(新系統),2025/2/24
216242,2024/12/14,中華電信台南營運處第三客網中心(新營區),完工申請待簽核(新系統),2025/2/20
213840,2024/10/8,交通局交通管制科,完工申請待簽核(新系統),2025/2/17
216146,2024/12/11,中華電信台南營運處第三客網中心(新營區),完工申請待簽核(新系統),2025/2/15
216148,2024/12/11,中華電信台南營運處第三客網中心(新營區),完工申請待簽核(新系統),2025/2/15
216025,2024/12/9,中華電信台南營運處第三客網中心(新營區),完工申請待簽核(新系統),2025/2/15
216158,2024/12/12,中華電信台南營運處第三客網中心(新營區),完工申請待簽核(新系統),2025/2/15
216059,2024/12/9,中華電信台南營運處第三客網中心(新營區),完工申請待簽核(新系統),2025/2/14
215845,2024/12/3,中華電信台南營運處第三客網中心(新營區),完工申請待簽核(新系統),2025/2/13
213505,2024/9/25,中華電信台南營運處第三客網中心(新營區),完工申請待簽核(新系統),2025/2/12
212938,2024/9/9,交通局交通管制科,<管線>管線主管註銷審核中(新系統),2025/2/12
208663,2024/5/13,中華電信台南營運處第三客網中心(新營區),完工申請待簽核(新系統),2025/2/11
210475,2024/6/28,台南市政府水利局水利養護工程科,(一般案件)已核發(新系統),2025/2/11
215263,2024/11/18,中華電信台南營運處第三客網中心(新營區),完工申請待簽核(新系統),2025/2/10
216144,2024/12/11,台灣自來水股份有限公司第六區管理處歸仁服務所,(一般案件)已核發(新系統),2025/2/10
213698,2024/10/4,臺南市政府工務局養護工程科一股,(展延案件)已核發(新系統),2025/2/7
213688,2024/10/4,臺南市政府工務局養護工程科一股,(展延案件)已核發(新系統),2025/2/7
213640,2024/9/30,臺南市政府工務局養護工程科一股,(展延案件)已核發(新系統),2025/2/4
215407,2024/11/20,中華電信台南營運處第三客網中心(新營區),完工申請待簽核(新系統),2025/2/4
215101,2024/11/12,中華電信台南營運處第三客網中心(新營區),完工申請待簽核(新系統),2025/2/2
215606,2024/11/25,中華電信台南營運處第三客網中心(新營區),完工申請待簽核(新系統),2025/2/2
212841,2024/9/5,中華電信台南營運處第三客網中心(新營區),完工申請待簽核(新系統),2025/1/27
212861,2024/9/6,交通局交通管制科,(展延案件)已核發(新系統),2025/1/27
216077,2024/12/10,臺南市政府工務局養護工程科一股,(一般案件)已核發(新系統),2025/1/25
212368,2024/8/23,廷捷電力股份有限公司,(一般案件)已核發(新系統),2025/1/23
215137,2024/11/12,交通局交通管制科,完工申請待簽核(新系統),2025/1/23
214578,2024/10/29,交通局交通管制科,(一般案件)已核發(新系統),2025/1/23
215063,2024/11/11,中華電信台南營運處第三客網中心(新營區),完工申請待簽核(新系統),2025/1/22
213247,2024/9/18,中華電信台南營運處第三客網中心(新營區),完工申請待簽核(新系統),2025/1/22
203833,2024/1/4,台灣電力公司台南區營業處,<管線>管線主管變更審核中(新系統),2025/1/22
206250,2024/3/11,地政局開發工程科,(展延案件)已核發(新系統),2025/1/22
215180,2024/11/13,臺南市政府工務局養護工程科一股,(一般案件)已核發(新系統),2025/1/21
212927,2024/9/9,中華電信台南營運處第三客網中心(新營區),完工申請待簽核(新系統),2025/1/20
208943,2024/5/21,台灣電力公司嘉南供電區營運處,(展延案件)已核發(新系統),2025/1/20
213788,2024/10/7,交通局交通管制科,完工申請待簽核(新系統),2025/1/19
215329,2024/11/19,臺南市政府工務局養護工程科一股,(一般案件)已核發(新系統),2025/1/18
215081,2024/11/12,廷捷電力股份有限公司,(一般案件)已核發(新系統),2025/1/17
215070,2024/11/11,廷捷電力股份有限公司,(一般案件)已核發(新系統),2025/1/17
214583,2024/10/29,交通局交通管制科,(一般案件)已核發(新系統),2025/1/16
214594,2024/10/29,交通局交通管制科,(一般案件)已核發(新系統),2025/1/16
212435,2024/8/26,臺南市政府工務局養護工程科一股,(展延案件)已核發(新系統),2025/1/15
215185,2024/11/13,臺南市政府工務局養護工程科一股,(變更案件)已核發(新系統),2025/1/13
212858,2024/9/6,中華電信台南營運處第三客網中心(新營區),完工申請待簽核(新系統),2025/1/10
212808,2024/9/4,交通局交通管制科,完工申請待簽核(新系統),2025/1/9
212691,2024/9/2,交通局交通管制科,完工申請待簽核(新系統),2025/1/9
212665,2024/9/2,交通局交通管制科,(展延案件)已核發(新系統),2025/1/9
212741,2024/9/3,交通局交通管制科,完工申請待簽核(新系統),2025/1/9
212601,2024/8/30,交通局交通管制科,(展延案件)已核發(新系統),2025/1/9
212416,2024/8/26,中華電信台南營運處第三客網中心(新營區),完工申請待簽核(新系統),2025/1/8
212788,2024/9/4,交通局交通管制科,完工申請待簽核(新系統),2025/1/8
212052,2024/8/14,交通局交通管制科,(展延案件)已核發(新系統),2025/1/6
187511,2022/11/23,天英能源股份有限公司,<管線>管線主管展延審核中(新系統),2024/12/31
187512,2022/11/23,天英能源股份有限公司,<管線>管線主管展延審核中(新系統),2024/12/31
187662,2022/11/28,天英能源股份有限公司,<管線>管線主管展延審核中(新系統),2024/12/31
183114,2022/8/9,天英能源股份有限公司,<管線>管線主管展延審核中(新系統),2024/12/31
183115,2022/8/9,天英能源股份有限公司,<管線>管線主管展延審核中(新系統),2024/12/31
183385,2022/8/15,天英能源股份有限公司,<管線>管線主管展延審核中(新系統),2024/12/31
183383,2022/8/15,天英能源股份有限公司,<管線>管線主管展延審核中(新系統),2024/12/31
187664,2022/11/28,天英能源股份有限公司,<管線>管線主管展延審核中(新系統),2024/12/31
183116,2022/8/9,天英能源股份有限公司,<管線>管線主管展延審核中(新系統),2024/12/31
183387,2022/8/15,天英能源股份有限公司,<管線>管線主管展延審核中(新系統),2024/12/31
187510,2022/11/23,天英能源股份有限公司,<管線>管線主管展延審核中(新系統),2024/12/31
187660,2022/11/28,天英能源股份有限公司,<管線>管線主管展延審核中(新系統),2024/12/31
187503,2022/11/23,天英能源股份有限公司,<管線>管線主管展延審核中(新系統),2024/12/31
187505,2022/11/23,天英能源股份有限公司,<管線>管線主管展延審核中(新系統),2024/12/31
183389,2022/8/15,天英能源股份有限公司,<管線>管線主管展延審核中(新系統),2024/12/31
183531,2022/8/17,天英能源股份有限公司,<管線>管線主管展延審核中(新系統),2024/12/31
187501,2022/11/23,天英能源股份有限公司,<管線>管線主管展延審核中(新系統),2024/12/31
187658,2022/11/28,天英能源股份有限公司,<管線>管線主管展延審核中(新系統),2024/12/31
183782,2022/8/22,天英能源股份有限公司,<管線>管線主管展延審核中(新系統),2024/12/31
187509,2022/11/23,天英能源股份有限公司,<管線>管線主管展延審核中(新系統),2024/12/31
183429,2022/8/15,天英能源股份有限公司,<管線>管線主管展延審核中(新系統),2024/12/31
183614,2022/8/18,天英能源股份有限公司,<管線>管線主管展延審核中(新系統),2024/12/31
183392,2022/8/15,天英能源股份有限公司,<管線>管線主管展延審核中(新系統),2024/12/31
183426,2022/8/15,天英能源股份有限公司,<管線>管線主管展延審核中(新系統),2024/12/31
187504,2022/11/23,天英能源股份有限公司,<管線>管線主管展延審核中(新系統),2024/12/31
187506,2022/11/23,天英能源股份有限公司,<管線>管線主管展延審核中(新系統),2024/12/31
187655,2022/11/28,天英能源股份有限公司,<管線>管線主管展延審核中(新系統),2024/12/31
187657,2022/11/28,天英能源股份有限公司,<管線>管線主管展延審核中(新系統),2024/12/31
183379,2022/8/15,天英能源股份有限公司,<管線>管線主管展延審核中(新系統),2024/12/31
183381,2022/8/15,天英能源股份有限公司,<管線>管線主管展延審核中(新系統),2024/12/31
183390,2022/8/15,天英能源股份有限公司,<管線>管線主管展延審核中(新系統),2024/12/31
183424,2022/8/15,天英能源股份有限公司,<管線>管線主管展延審核中(新系統),2024/12/31
187500,2022/11/23,天英能源股份有限公司,<管線>管線主管展延審核中(新系統),2024/12/31
212044,2024/8/14,交通局交通管制科,(展延案件)已核發(新系統),2024/12/30
213749,2024/10/7,臺南市政府工務局養護工程科一股,(一般案件)已核發(新系統),2024/12/30
183724,2022/8/19,天英能源股份有限公司,<管線>管線主管展延審核中(新系統),2024/12/30
212375,2024/8/24,廷捷電力股份有限公司,(展延案件)已核發(新系統),2024/12/30
183754,2022/8/19,天英能源股份有限公司,<管線>管線主管展延審核中(新系統),2024/12/30
183755,2022/8/19,天英能源股份有限公司,<管線>管線主管展延審核中(新系統),2024/12/30
214436,2024/10/24,臺南市政府工務局養護工程科一股,(一般案件)已核發(新系統),2024/12/29
211852,2024/8/8,交通局交通管制科,<管線>管線主管註銷審核中(新系統),2024/12/28
211100,2024/7/17,臺南市政府工務局養護工程科一股,(展延案件)已核發(新系統),2024/12/27
211096,2024/7/16,臺南市政府工務局養護工程科一股,(展延案件)已核發(新系統),2024/12/27
212380,2024/8/24,廷捷電力股份有限公司,(展延案件)已核發(新系統),2024/12/27
212060,2024/8/14,交通局交通管制科,完工申請待簽核(新系統),2024/12/23
187666,2022/11/28,天英能源股份有限公司,<管線>管線主管展延審核中(新系統),2024/12/16
211093,2024/7/16,臺南市政府工務局養護工程科一股,(展延案件)已核發(新系統),2024/12/13
211730,2024/8/6,臺南市政府工務局養護工程科一股,(展延案件)已核發(新系統),2024/12/12
211986,2024/8/13,交通局交通管制科,(展延案件)已核發(新系統),2024/12/12
213718,2024/10/4,臺南市政府工務局養護工程科一股,(一般案件)已核發(新系統),2024/12/12
213725,2024/10/4,臺南市政府工務局養護工程科一股,(一般案件)已核發(新系統),2024/12/9
211664,2024/8/5,臺南市政府工務局養護工程科一股,(展延案件)已核發(新系統),2024/12/9
211638,2024/8/2,臺南市政府工務局養護工程科一股,(展延案件)已核發(新系統),2024/12/9
211677,2024/8/5,臺南市政府工務局養護工程科一股,(展延案件)已核發(新系統),2024/12/9
211672,2024/8/5,臺南市政府工務局養護工程科一股,(展延案件)已核發(新系統),2024/12/9
211581,2024/8/1,臺南市政府工務局養護工程科一股,(展延案件)已核發(新系統),2024/12/6
198766,2023/8/24,平誠能源開發股份有限公司,(展延案件)已核發(新系統),2024/11/30
211080,2024/7/16,臺南市政府工務局養護工程科一股,(展延案件)已核發(新系統),2024/11/29
202368,2023/11/23,交通局交通管制科,(展延案件)已核發(新系統),2024/11/27
211141,2024/7/17,臺南市政府工務局養護工程科一股,(展延案件)已核發(新系統),2024/11/25
211071,2024/7/16,臺南市政府工務局養護工程科一股,(展延案件)已核發(新系統),2024/11/19
208332,2024/5/3,交通局交通管制科,(展延案件)已核發(新系統),2024/11/18
207878,2024/4/22,交通局交通管制科,(展延案件)已核發(新系統),2024/11/16
210704,2024/7/5,交通局交通管制科,(展延案件)已核發(新系統),2024/11/11
212424,2024/8/26,臺南市政府工務局養護工程科一股,(一般案件)已核發(新系統),2024/11/9
210402,2024/6/27,交通局交通管制科,(展延案件)已核發(新系統),2024/11/6
212894,2024/9/6,臺南市政府工務局養護工程科一股,(一般案件)已核發(新系統),2024/11/2
210002,2024/6/17,地政局開發工程科,(展延案件)已核發(新系統),2024/11/1
210136,2024/6/19,交通局交通管制科,<管線>管線主管註銷審核中(新系統),2024/10/30
210544,2024/7/2,臺南市政府工務局養護工程科一股,(展延案件)已核發(新系統),2024/10/25
202069,2023/11/16,交通局交通管制科,(展延案件)已核發(新系統),2024/10/19
202074,2023/11/16,交通局交通管制科,(展延案件)已核發(新系統),2024/10/19
207930,2024/4/23,交通部高速公路局南區養護工程分局,(展延案件)已核發(新系統),2024/10/17
208676,2024/5/14,臺南市政府工務局養護工程科一股,(展延案件)已核發(新系統),2024/10/2
209355,2024/5/30,臺南市政府工務局養護工程科一股,(展延案件)已核發(新系統),2024/10/2
208678,2024/5/14,臺南市政府工務局養護工程科一股,(展延案件)已核發(新系統),2024/9/30
208666,2024/5/13,臺南市政府工務局養護工程科一股,(展延案件)已核發(新系統),2024/9/30
208591,2024/5/10,禾迅一號股份有限公司,(展延案件)已核發(新系統),2024/9/10
206429,2024/3/14,禾迅一號股份有限公司,(展延案件)已核發(新系統),2024/9/4
208357,2024/5/6,禾迅一號股份有限公司,(展延案件)已核發(新系統),2024/9/4
206471,2024/3/15,禾迅一號股份有限公司,(展延案件)已核發(新系統),2024/9/4
202198,2023/11/20,南河一號電力股份有限公司,(展延案件)已核發(新系統),2024/8/16
202202,2023/11/20,南河一號電力股份有限公司,(展延案件)已核發(新系統),2024/8/16
196518,2023/7/2,南河一號電力股份有限公司,(展延案件)已核發(新系統),2024/8/16
196525,2023/7/2,南河一號電力股份有限公司,(展延案件)已核發(新系統),2024/8/16
196693,2023/7/5,南河一號電力股份有限公司,(展延案件)已核發(新系統),2024/8/16
196861,2023/7/8,南河一號電力股份有限公司,(展延案件)已核發(新系統),2024/8/16
196868,2023/7/10,南河一號電力股份有限公司,(展延案件)已核發(新系統),2024/8/16
196918,2023/7/11,南河一號電力股份有限公司,(展延案件)已核發(新系統),2024/8/16
196929,2023/7/11,南河一號電力股份有限公司,(展延案件)已核發(新系統),2024/8/16
197204,2023/7/15,南河一號電力股份有限公司,(展延案件)已核發(新系統),2024/8/16
197211,2023/7/15,南河一號電力股份有限公司,(展延案件)已核發(新系統),2024/8/16
204786,2024/1/29,南河一號電力股份有限公司,展延核准通過(舊系統),2024/8/16
202185,2023/11/20,南河一號電力股份有限公司,(展延案件)已核發(新系統),2024/8/16
202192,2023/11/20,南河一號電力股份有限公司,(展延案件)已核發(新系統),2024/8/16
202292,2023/11/22,南河一號電力股份有限公司,(展延案件)已核發(新系統),2024/8/16
204792,2024/1/29,南河一號電力股份有限公司,展延核准通過(舊系統),2024/8/16
204881,2024/1/30,南河一號電力股份有限公司,展延核准通過(舊系統),2024/8/16
196867,2023/7/10,南河一號電力股份有限公司,(展延案件)已核發(新系統),2024/8/16
196869,2023/7/10,南河一號電力股份有限公司,(展延案件)已核發(新系統),2024/8/16
196944,2023/7/11,南河一號電力股份有限公司,(展延案件)已核發(新系統),2024/8/16
197201,2023/7/15,南河一號電力股份有限公司,(展延案件)已核發(新系統),2024/8/16
197203,2023/7/15,南河一號電力股份有限公司,(展延案件)已核發(新系統),2024/8/16
197205,2023/7/15,南河一號電力股份有限公司,(展延案件)已核發(新系統),2024/8/16
197210,2023/7/15,南河一號電力股份有限公司,(展延案件)已核發(新系統),2024/8/16
204791,2024/1/29,南河一號電力股份有限公司,展延核准通過(舊系統),2024/8/16
196517,2023/7/2,南河一號電力股份有限公司,(展延案件)已核發(新系統),2024/8/16
196519,2023/7/2,南河一號電力股份有限公司,(展延案件)已核發(新系統),2024/8/16
196526,2023/7/2,南河一號電力股份有限公司,(展延案件)已核發(新系統),2024/8/16
196692,2023/7/5,南河一號電力股份有限公司,(展延案件)已核發(新系統),2024/8/16
196694,2023/7/5,南河一號電力股份有限公司,(展延案件)已核發(新系統),2024/8/16
196860,2023/7/8,南河一號電力股份有限公司,(展延案件)已核發(新系統),2024/8/16
196919,2023/7/11,南河一號電力股份有限公司,(展延案件)已核發(新系統),2024/8/16
196926,2023/7/11,南河一號電力股份有限公司,(展延案件)已核發(新系統),2024/8/16
196928,2023/7/11,南河一號電力股份有限公司,(展延案件)已核發(新系統),2024/8/16
197221,2023/7/15,南河一號電力股份有限公司,(展延案件)已核發(新系統),2024/8/16
204875,2024/1/30,南河一號電力股份有限公司,展延核准通過(舊系統),2024/8/16
195353,2023/6/5,南河一號電力股份有限公司,(展延案件)展延退件(新系統),2024/8/16
196864,2023/7/10,南河一號電力股份有限公司,(展延案件)已核發(新系統),2024/8/16
196866,2023/7/10,南河一號電力股份有限公司,(展延案件)已核發(新系統),2024/8/16
196930,2023/7/11,南河一號電力股份有限公司,(展延案件)已核發(新系統),2024/8/16
197200,2023/7/15,南河一號電力股份有限公司,(展延案件)已核發(新系統),2024/8/16
205729,2024/2/27,南河一號電力股份有限公司,(展延案件)已核發(新系統),2024/8/16
202189,2023/11/20,南河一號電力股份有限公司,(展延案件)已核發(新系統),2024/8/16
202286,2023/11/22,南河一號電力股份有限公司,(展延案件)已核發(新系統),2024/8/16
202182,2023/11/20,南河一號電力股份有限公司,(展延案件)已核發(新系統),2024/8/16
202293,2023/11/22,南河一號電力股份有限公司,(展延案件)已核發(新系統),2024/8/16
204793,2024/1/29,南河一號電力股份有限公司,展延核准通過(舊系統),2024/8/16
204794,2024/1/29,南河一號電力股份有限公司,展延核准通過(舊系統),2024/8/16
196516,2023/7/2,南河一號電力股份有限公司,(展延案件)已核發(新系統),2024/8/16
196727,2023/7/5,南河一號電力股份有限公司,(展延案件)已核發(新系統),2024/8/16
196859,2023/7/8,南河一號電力股份有限公司,(展延案件)已核發(新系統),2024/8/16
196920,2023/7/11,南河一號電力股份有限公司,(展延案件)已核發(新系統),2024/8/16
196927,2023/7/11,南河一號電力股份有限公司,(展延案件)已核發(新系統),2024/8/16
197202,2023/7/15,南河一號電力股份有限公司,(展延案件)已核發(新系統),2024/8/16
202187,2023/11/20,南河一號電力股份有限公司,(展延案件)已核發(新系統),2024/8/16
202206,2023/11/20,南河一號電力股份有限公司,(展延案件)已核發(新系統),2024/8/16
202287,2023/11/22,南河一號電力股份有限公司,(展延案件)已核發(新系統),2024/8/16
197207,2023/7/15,南河一號電力股份有限公司,(展延案件)已核發(新系統),2024/8/16
196521,2023/7/2,南河一號電力股份有限公司,(展延案件)已核發(新系統),2024/8/16
196522,2023/7/2,南河一號電力股份有限公司,(展延案件)已核發(新系統),2024/8/16
196722,2023/7/5,南河一號電力股份有限公司,(展延案件)已核發(新系統),2024/8/16
196922,2023/7/11,南河一號電力股份有限公司,(展延案件)已核發(新系統),2024/8/16
196925,2023/7/11,南河一號電力股份有限公司,(展延案件)已核發(新系統),2024/8/16
196520,2023/7/2,南河一號電力股份有限公司,(展延案件)已核發(新系統),2024/8/16
196523,2023/7/2,南河一號電力股份有限公司,(展延案件)已核發(新系統),2024/8/16
196524,2023/7/2,南河一號電力股份有限公司,(展延案件)已核發(新系統),2024/8/16
196923,2023/7/11,南河一號電力股份有限公司,(展延案件)已核發(新系統),2024/8/16
196924,2023/7/11,南河一號電力股份有限公司,(展延案件)已核發(新系統),2024/8/16
196941,2023/7/11,南河一號電力股份有限公司,(展延案件)已核發(新系統),2024/8/16
197006,2023/7/12,南河一號電力股份有限公司,(展延案件)已核發(新系統),2024/8/16
197206,2023/7/15,南河一號電力股份有限公司,(展延案件)已核發(新系統),2024/8/16
197209,2023/7/15,南河一號電力股份有限公司,(展延案件)已核發(新系統),2024/8/16
204795,2024/1/29,南河一號電力股份有限公司,展延核准通過(舊系統),2024/8/16
204796,2024/1/29,南河一號電力股份有限公司,展延核准通過(舊系統),2024/8/16
204878,2024/1/30,南河一號電力股份有限公司,展延核准通過(舊系統),2024/8/16
202181,2023/11/20,南河一號電力股份有限公司,(展延案件)已核發(新系統),2024/8/16
196729,2023/7/5,南河一號電力股份有限公司,(展延案件)已核發(新系統),2024/8/16
196863,2023/7/10,南河一號電力股份有限公司,(展延案件)已核發(新系統),2024/8/16
196865,2023/7/10,南河一號電力股份有限公司,(展延案件)已核發(新系統),2024/8/16
196931,2023/7/11,南河一號電力股份有限公司,(展延案件)已核發(新系統),2024/8/16
197197,2023/7/15,南河一號電力股份有限公司,(展延案件)已核發(新系統),2024/8/16
197199,2023/7/15,南河一號電力股份有限公司,(展延案件)已核發(新系統),2024/8/16
196021,2023/6/17,恩富資本太陽能股份有限公司,<管線>管線主管展延審核中(新系統),2024/7/17
202339,2023/11/23,台灣電力公司台南區營業處,<管線>管線主管變更審核中(新系統),2024/7/3
183759,2022/8/19,天英能源股份有限公司,<管線>管線主管展延審核中(新系統),2024/6/30
183761,2022/8/19,天英能源股份有限公司,<管線>管線主管展延審核中(新系統),2024/6/30
183760,2022/8/19,天英能源股份有限公司,<管線>管線主管展延審核中(新系統),2024/6/30
199498,2023/9/13,宸峰電力股份有限公司,(展延案件)已核發(新系統),2024/6/30
207353,2024/4/9,臺南市政府水利局污水新建工程科,一般進行狀態(舊系統),2024/6/10
205602,2024/2/23,大台南天然氣股份有限公司,(變更案件)已核發(新系統),2024/6/1
206126,2024/3/7,台灣電力股份有限公司新營區營業處,一般進行狀態(舊系統),2024/5/12
198748,2023/8/24,平誠能源開發股份有限公司,(展延案件)已核發(新系統),2024/4/28
198730,2023/8/24,平誠能源開發股份有限公司,(展延案件)已核發(新系統),2024/4/28
198737,2023/8/24,平誠能源開發股份有限公司,(展延案件)已核發(新系統),2024/4/28
198744,2023/8/24,平誠能源開發股份有限公司,(展延案件)已核發(新系統),2024/4/28
198755,2023/8/24,平誠能源開發股份有限公司,(展延案件)已核發(新系統),2024/4/28
198740,2023/8/24,平誠能源開發股份有限公司,(展延案件)已核發(新系統),2024/4/28
198759,2023/8/24,平誠能源開發股份有限公司,(展延案件)已核發(新系統),2024/4/28
198739,2023/8/24,平誠能源開發股份有限公司,(展延案件)已核發(新系統),2024/4/28
198742,2023/8/24,平誠能源開發股份有限公司,(展延案件)已核發(新系統),2024/4/28
198678,2023/8/23,平誠能源開發股份有限公司,(展延案件)已核發(新系統),2024/4/28
198754,2023/8/24,平誠能源開發股份有限公司,(展延案件)已核發(新系統),2024/4/28
198761,2023/8/24,平誠能源開發股份有限公司,(展延案件)已核發(新系統),2024/4/28
198763,2023/8/24,平誠能源開發股份有限公司,(展延案件)已核發(新系統),2024/4/28
198732,2023/8/24,平誠能源開發股份有限公司,(展延案件)已核發(新系統),2024/4/28
198734,2023/8/24,平誠能源開發股份有限公司,(展延案件)已核發(新系統),2024/4/28
198749,2023/8/24,平誠能源開發股份有限公司,(展延案件)已核發(新系統),2024/4/28
198751,2023/8/24,平誠能源開發股份有限公司,(展延案件)已核發(新系統),2024/4/28
198738,2023/8/24,平誠能源開發股份有限公司,(展延案件)已核發(新系統),2024/4/28
198747,2023/8/24,平誠能源開發股份有限公司,(展延案件)已核發(新系統),2024/4/28
206159,2024/3/8,宸峰電力股份有限公司,(一般案件)已核發(新系統),2024/4/12
201237,2023/10/27,平誠能源開發股份有限公司,(展延案件)展延退件(新系統),2024/3/29
201236,2023/10/27,平誠能源開發股份有限公司,(展延案件)展延退件(新系統),2024/3/29
193717,2023/5/2,廷捷電力股份有限公司,(展延案件)展延退件(新系統),2024/3/28
198893,2023/8/28,平誠能源開發股份有限公司,(展延案件)展延退件(新系統),2024/2/2
198894,2023/8/28,平誠能源開發股份有限公司,(展延案件)展延退件(新系統),2024/2/2
198891,2023/8/28,平誠能源開發股份有限公司,(展延案件)展延退件(新系統),2024/2/2
198895,2023/8/28,平誠能源開發股份有限公司,(展延案件)展延退件(新系統),2024/2/2
198899,2023/8/28,平誠能源開發股份有限公司,(展延案件)展延退件(新系統),2024/2/2
198884,2023/8/28,平誠能源開發股份有限公司,(展延案件)展延退件(新系統),2024/2/2
198886,2023/8/28,平誠能源開發股份有限公司,(展延案件)展延退件(新系統),2024/2/2
198901,2023/8/28,平誠能源開發股份有限公司,(展延案件)展延退件(新系統),2024/2/2
198885,2023/8/28,平誠能源開發股份有限公司,(展延案件)展延退件(新系統),2024/2/2
198902,2023/8/28,平誠能源開發股份有限公司,(展延案件)展延退件(新系統),2024/2/2
198887,2023/8/28,平誠能源開發股份有限公司,(展延案件)展延退件(新系統),2024/2/2
198898,2023/8/28,平誠能源開發股份有限公司,(展延案件)展延退件(新系統),2024/2/2
198890,2023/8/28,平誠能源開發股份有限公司,(展延案件)展延退件(新系統),2024/2/2
198904,2023/8/28,平誠能源開發股份有限公司,(展延案件)展延退件(新系統),2024/2/2
198882,2023/8/28,平誠能源開發股份有限公司,(展延案件)展延退件(新系統),2024/2/2
193899,2023/5/5,廷捷電力股份有限公司,(展延案件)已核發(新系統),2024/1/29
198905,2023/8/28,平誠能源開發股份有限公司,完工申請待簽核(新系統),2023/12/15
192291,2023/3/29,交通局交通管制科,<管線>管線主管展延審核中(新系統),2023/9/4
195269,2023/6/2,恩富資本太陽能股份有限公司,完工申請待簽核(新系統),2023/7/18
188095,2022/12/8,台南市政府交通局(民治),一般進行狀態(舊系統),2022/12/31
184502,2022/9/7,公園管理科一股,完工申請待簽核(新系統),2022/12/16
183672,2022/8/18,公園管理科一股,完工申請待簽核(新系統),2022/12/6
179137,2022/5/9,臺南市第137期福國(三)自辦市地重劃區重劃會,完工申請待簽核(新系統),2022/8/11
177100,2022/3/17,臺南市第137期福國(三)自辦市地重劃區重劃會,完工申請待簽核(新系統),2022/8/4
176130,2022/2/23,交通局交通管制科,<管線>管線主管展延審核中(新系統),2022/7/12
177860,2022/4/7,台南市第135期草湖(一)自辦市地重劃區重劃會,完工申請待簽核(新系統),2022/6/23
170344,2021/9/24,安定區公所管線帳號,完工申請待簽核(新系統),2021/11/12
153026,2020/8/13,台南市第135期草湖(一)自辦市地重劃區重劃會,<管線>管線主管展延審核中(新系統),2021/7/31
163199,2021/4/21,陸軍第四地區支援指揮部,(一般案件)已核發(新系統),2021/6/21
144568,2020/1/16,臺南市政府水利局雨水下水道工程科,(展延案件)已核發(新系統),2021/3/31
157455,2020/12/2,台南市第135期草湖(一)自辦市地重劃區重劃會,完工申請待簽核(新系統),2021/3/27
151008,2020/7/2,台南市第135期草湖(一)自辦市地重劃區重劃會,完工申請待簽核(新系統),2021/2/15
151007,2020/7/2,台南市第135期草湖(一)自辦市地重劃區重劃會,完工申請待簽核(新系統),2021/1/25
150710,2020/6/23,台南市第135期草湖(一)自辦市地重劃區重劃會,完工申請待簽核(新系統),2021/1/23
150704,2020/6/23,台南市第135期草湖(一)自辦市地重劃區重劃會,完工申請待簽核(新系統),2021/1/23
150711,2020/6/23,台南市第135期草湖(一)自辦市地重劃區重劃會,完工申請待簽核(新系統),2021/1/23
150708,2020/6/23,台南市第135期草湖(一)自辦市地重劃區重劃會,完工申請待簽核(新系統),2021/1/23
151009,2020/7/2,台南市第135期草湖(一)自辦市地重劃區重劃會,完工申請待簽核(新系統),2021/1/23
150718,2020/6/23,台南市第135期草湖(一)自辦市地重劃區重劃會,完工申請待簽核(新系統),2021/1/16
156835,2020/11/17,臺南市政府水利局雨水下水道工程科,一般進行狀態(舊系統),2020/12/31
151372,2020/7/9,養護科一股,一般進行狀態(舊系統),2020/11/7
151800,2020/7/20,養護科一股,一般進行狀態(舊系統),2020/9/29
148028,2020/4/17,養護科一股,一般進行狀態(舊系統),2020/8/6
147126,2020/3/25,養護科一股,一般進行狀態(舊系統),2020/7/8
148172,2020/4/22,臺南市政府水利局雨水下水道工程科,一般進行狀態(舊系統),2020/7/7
139599,2019/9/9,臺南市政府水利局雨水下水道工程科,(展延案件)已核發(新系統),2020/5/11
142877,2019/11/29,臺南市政府水利局水利行政科,(展延案件)已核發(新系統),2020/4/30
158683,2020/12/30,臺南市政府水利局雨水下水道工程科,一般進行狀態(舊系統),2019/11/30
110162,2017/9/8,臺南市政府水利局雨水下水道工程科,(展延案件)展延退件(新系統),2019/8/31
85476,2015/12/4,臺南市政府水利局雨水下水道工程科,(展延案件)已核發(新系統),2019/8/31
110168,2017/9/8,臺南市政府水利局雨水下水道工程科,(展延案件)展延退件(新系統),2019/8/31
85468,2015/12/4,臺南市政府水利局雨水下水道工程科,(展延案件)已核發(新系統),2019/8/31
130411,2019/1/30,臺南市政府水利局雨水下水道工程科,一般進行狀態(舊系統),2019/8/19
110132,2017/9/7,臺南市政府水利局雨水下水道工程科,(展延案件)展延退件(新系統),2019/6/26
126714,2018/10/24,臺南市政府水利局雨水下水道工程科,一般進行狀態(舊系統),2018/12/15
120050,2018/5/22,地政局開發工程科,(展延案件)已核發(新系統),2018/9/30
117516,2018/3/21,台灣電力公司台南區營業處,案件已變更(舊系統),2018/8/30
119458,2018/5/8,交通局交通管制科,<管線>管線主管註銷審核中(新系統),2018/7/14
110661,2017/9/19,臺南市第116期永康大灣自辦市地重劃區重劃會,<管線>管線主管展延審核中(新系統),2017/10/22
110660,2017/9/19,臺南市第116期永康大灣自辦市地重劃區重劃會,<管線>管線主管註銷審核中(新系統),2017/10/6
105354,2017/5/10,交通局交通管制科,<管線>管線主管展延審核中(新系統),2017/8/13
105395,2017/5/10,交通局交通管制科,<管線>管線主管展延審核中(新系統),2017/8/12
105287,2017/5/8,交通局交通管制科,<管線>管線主管展延審核中(新系統),2017/8/12
105369,2017/5/10,交通局交通管制科,<管線>管線主管展延審核中(新系統),2017/8/12
105273,2017/5/8,交通局交通管制科,<管線>管線主管展延審核中(新系統),2017/7/31
105357,2017/5/10,交通局交通管制科,<管線>管線主管展延審核中(新系統),2017/7/31
105276,2017/5/8,交通局交通管制科,<管線>管線主管展延審核中(新系統),2017/7/31
105368,2017/5/10,交通局交通管制科,<管線>管線主管展延審核中(新系統),2017/7/31
105374,2017/5/10,交通局交通管制科,<管線>管線主管展延審核中(新系統),2017/7/31
105349,2017/5/9,交通局交通管制科,<管線>管線主管註銷審核中(新系統),2017/7/13
99752,2016/12/15,交通局交通管制科,<管線>管線主管註銷審核中(新系統),2017/1/31
96088,2016/9/2,交通局交通管制科,<管線>管線主管註銷審核中(新系統),2017/1/24
86543,2016/1/5,養護科一股,一般進行狀態(舊系統),2016/5/14
87008,2016/1/15,養護科一股,一般進行狀態(舊系統),2016/5/12
86608,2016/1/6,養護科一股,一般進行狀態(舊系統),2016/5/10
86554,2016/1/5,養護科一股,一般進行狀態(舊系統),2016/5/10
86605,2016/1/6,養護科一股,一般進行狀態(舊系統),2016/5/10
87665,2016/1/29,養護科一股,一般進行狀態(舊系統),2016/5/5
87677,2016/1/29,養護科一股,一般進行狀態(舊系統),2016/5/5
87662,2016/1/29,養護科一股,一般進行狀態(舊系統),2016/5/5
87669,2016/1/29,養護科一股,一般進行狀態(舊系統),2016/5/5
86888,2016/1/13,養護科一股,一般進行狀態(舊系統),2016/5/5
89422,2016/3/23,臺南市政府水利局雨水下水道工程科,一般進行狀態(舊系統),2016/4/6
86552,2016/1/5,養護科一股,一般進行狀態(舊系統),2016/3/17
86462,2016/1/2,養護科一股,一般進行狀態(舊系統),2016/3/17
86017,2015/12/18,養護科一股,一般進行狀態(舊系統),2016/2/25
86312,2015/12/26,臺南市第116期永康大灣自辦市地重劃區重劃會,<管線>管線主管註銷審核中(新系統),2016/2/16
76912,2015/5/28,臺南市政府水利局雨水下水道工程科,(展延案件)已核發(新系統),2016/1/31
76910,2015/5/28,臺南市政府水利局雨水下水道工程科,(展延案件)已核發(新系統),2016/1/31
84313,2015/11/9,養護科一股,一般進行狀態(舊系統),2016/1/17
84334,2015/11/10,養護科一股,一般進行狀態(舊系統),2016/1/15
83936,2015/10/31,養護科一股,一般進行狀態(舊系統),2016/1/9
80194,2015/8/11,台南市第112期怡北(七)自辦市地重劃區重劃會,<管線>管線主管註銷審核中(新系統),2016/1/5
83930,2015/10/31,養護科一股,一般進行狀態(舊系統),2016/1/4
83932,2015/10/31,養護科一股,一般進行狀態(舊系統),2016/1/4
83933,2015/10/31,養護科一股,一般進行狀態(舊系統),2016/1/4
83935,2015/10/31,養護科一股,一般進行狀態(舊系統),2016/1/4
83934,2015/10/31,養護科一股,一般進行狀態(舊系統),2016/1/4
79550,2015/7/28,臺南市第116期永康大灣自辦市地重劃區重劃會,<管線>管線主管註銷審核中(新系統),2015/8/17
77590,2015/6/15,臺南市第116期永康大灣自辦市地重劃區重劃會,<管線>管線主管註銷審核中(新系統),2015/7/25
67935,2014/9/29,三浦鍋爐股份有限公司,(展延案件)展延退件(新系統),2015/2/12
59614,2014/2/25,臺南市政府水利局雨水下水道工程科,(註銷案件)註銷退件(新系統),2014/6/10
52553,2013/7/24,中華電信公司台南營運處第二客網中心,(註銷案件)註銷退件(新系統),2013/11/26
52947,2013/8/7,中華電信公司台南營運處第二客網中心,(註銷案件)註銷退件(新系統),2013/11/22
53327,2013/8/15,中華電信公司台南營運處第二客網中心,(註銷案件)註銷退件(新系統),2013/11/16
