PLINE_CMP_NO,PLINE_CMP_ABBR
0,工務局工程企劃科
1,臺南市永康區公所
10,臺南市下營區公所
100,臺南市政府水利局污水養護工程科
101,台灣中油股份有限公司油品行銷事業部嘉義營業處(民雄供油服務中心)
102,中華電信公司台南營運處第一客網中心四股
103,泉棸營造有限公司
104,陸軍第五地區支援指揮部
105,嘉南農田水利會麻豆區管理處
106,台灣中油股份有限公司油品行銷事業部台南營業處
107,台南市第118期新化新太自辦市地重劃區重劃會
108,臺南市政府水利局水利新建工程科
109,成大防災中心
11,臺南市六甲區公所
110,台南市政府地政局
111,國道高速公路局南區工程處
112,臺灣鐵路管理局-高雄電務段
113,臺南市政府環境保護局-土壤污染管理科
114,國道高速公路局拓建工程處臺南工務所
115,宏遠興業股份有限公司
116,臺南市市場處
118,麻豆區公所管線單位帳號
119,台灣中油天然氣事業部南區營業處工務組
12,臺南市左鎮區公所
120,台南市政府災害防救辦公室
121,臺南市政府工務局(民治市政中心)
122,統一實業股份有限公司
123,臺南市政府環境保護局一般廢棄物管理科
124,臺南市政府工務局第三工務大隊-(管)
125,交通部公路局雲嘉南區養護工程分局新化工務段
126,交通部公路總局西部濱海公路南區臨時工程處
127,臺南市公共運輸處
129,台塑石化股份有限公司
13,臺南市安定區公所
130,台灣中油股份有限公司探採事業部
131,台南市政府警察局
132,交通部高速鐵路工程局
133,臺南市政府工務局新建工程科二股
134,永康區公所管線單位帳號
135,經濟部工業局官田工業區服務中心
136,台南市第132期小北(二)自辦市地重劃會
137,台南市政府觀光旅遊局
138,經濟部中央地質調查所
139,南部地區巡防局第一一海岸巡防總隊
14,臺南市西港區公所
140,臺南市第126期仁和(三)自辦市地重劃區重劃會
141,交通部公路局雲嘉南區養護工程分局新營工務段
142,國防部參謀本部資通支援三隊網傳作業隊
143,經濟部水利署南區水資源分署
144,臺南市政府工務局第二工務大隊-(管)
145,新世紀資通股份有限公司-南區
146,台灣電力公司輸變電工程處南區施工處線路一組土木設計課
147,空軍防空暨飛彈指揮部
148,台灣電力公司輸變電工程處南區施工處第六工務段
149,陸軍第四地區支援指揮部
15,臺南市官田區公所
150,台南市第140期溪東(一)自辦市地重劃區重劃會
151,空軍第一通信航管資訊中隊
152,交通部高速公路局南區養護工程分局
153,台灣自來水股份有限公司第六區管理處麻豆服務所
154,臺南市政府水利局綜合企劃科
155,交通部臺灣鐵路管理局-高雄電務段台南電務分駐所
156,臺南市第137期福國(三)自辦市地重劃區重劃會
157,台南市政府交通局停車工程科
158,台南神學院
159,臺南市政風處
16,臺南市南化區公所
160,國防部電訊發展室
161,經濟發展局工業區科
162,研究發展考核委員會綜規研展科
163,台南市政府環境保護局
164,台南市工務局新建工程科(管)
165,台南市美術館
166,行政院環境保護署土壤及地下水污染整治基金管理會
167,歸仁區公所管線單位帳號
168,台南市第127期佃西(一)自辦市地重劃區重劃會
169,東山區公所管線單位帳號
17,臺南市麻豆區公所
170,台灣電力股份有限公司再生能源處
171,台南市第64期仁和(一)自辦市地重劃區重劃會
172,中央研究院
173,北門區公所管線單位帳號
174, 台灣糖業股份有限公司
175,臺南市立麻豆國民中學
176,仁德區公所管線帳號
177,學甲區公所管線帳號
178,台南市政府文化局
179,台南市第135期草湖(一)自辦市地重劃區重劃會
18,臺南市東山區公所
180,昊陽電業股份有限公司
181,台南市捷運工程處
182,臺南市政府工務局新建工程科三股 
183,臺南市政府工務局公園科二股
184,臺南市政府工務局建築工程科
185,工務局公園管理科二股
186,山上區公所管線帳號
187,台南市政府民族事務委員會
188,安定區公所管線帳號
189,天衝能源股份有限公司
19,臺南市新營區公所
190,禾迅一號股份有限公司
191,心忠電業股份有限公司
192,台灣艾貴綠能股份有限公司籌備處
193,交通部觀光局雲嘉南濱海國家風景管理處
194,志光能源股份有限公司
195,交通部高速公路局第二新建工程處
196,台灣高速鐵路股份有限公司(高鐵台南站)
197,宜康能源股份有限公司
198,台南市政府水利局
199,藏識科技有限公司(管線)
2,臺南市柳營區公所
20,臺南市善化區公所
200,藏識科技有限公司(會辦1)
201,台南市第134期佃北(二)自辦市地重劃區重劃會
202,星崴電力股份有限公司
203,工業技術研究院
204,國營臺灣鐵路股份有限公司嘉義工務段
205,鴻工三號能源股份有限公司
206,台鋼科技大學
207,中央研究院資訊服務處系統科網路組
208,鴻玥ㄧ號能源股份有限公司
209,鴻羅能源股份有限公司
21,臺南市關廟區公所
210,鴻春能源股份有限公司
211,內政部警政署保安警察第二總隊第一大隊第二中隊
212,台灣電力公司輸變電工程處南區施工處第四工務段
213,新和能源開發股份有限公司
214,臺南市第144期新營新生(一)自辦市地重劃區重劃會
215,台南市北區大港國民小學
216,中租電力科技股份有限公司
218,威傑科技有限公司
219,臺南市漁港及近海管理所
22,臺南市歸仁區公所
220,行政院農業委員會農田水利署嘉南管理處新營分處新營工作站
221,台南市第142期新化區新平(一)自辦市地重劃區重劃會
222,大福能源股份有限公司
223,臺南市政府經濟發展局產業發展科
224,臺南市政府經濟發展局能源科
225,恩富資本太陽能股份有限公司
226,六甲區公所管線單位帳號
227,台鋼科技大學
228,善化區公所管線帳號
229,台南市第143期北區大豐(二)自辦市地重劃區重劃會
23,臺南市龍崎區公所
230,平誠能源開發股份有限公司
231,台南市立仁德國民小學
232,國立臺南高級海事水產職業學校
233,台南市第133期新寮(三)自辦市地重劃會
234,官田區公所管線單位帳號
235,千興不銹鋼股份有限公司
236,學參能源股份有限公司
237,廷捷電力股份有限公司
238,南陽電業股份有限公司
239,天英能源股份有限公司
24,臺南市玉井區公所
240,臺南市北區公園國民小學
241,南旭電力股份有限公司
242,臺南市南區日新國民小學
243,公園管理科一股
244,公園管理科二股
245,養護工程科一股
246,養護工程科二股
247,臺南市政府工務局第一工務大隊
248,工務局第二工務大隊
249,工務局第三工務大隊
25,臺南市北門區公所
250,新建工程科一股
251,新建工程科二股
252,水利局雨水下水道工程科
253,台南市政府交通局停車營運科
254,地政局開發工程科
255,都發局都市更新科
256,臺南市政府工務局公園管理科一股
257,星能股份有限公司
258,臺南市立文賢國民中學
259,元晶太陽能科技股份有限公司
26,臺南市學甲區公所
260,臺南市仁德區德南國民小學
261,交通部鐵道局南部工程處
262,水利局水土保持工程科
263,國立臺南大學附屬高級中學
264,經濟部水利署水利規劃試驗所
265,鴻縣三號能源股份有限公司
266,鴻羅五號能源股份有限公司
267,臺南市安南區安佃國民小學
268,臺南市政府工務局建築工程科管線帳號
269,南河一號電力股份有限公司
27,臺南市鹽水區公所
270,台南市政府工務局新建工程科一股
271,臺南市立延平國民中學
272,匯鉅能源股份有限公司
273,台灣糖業股份有限公司台南區處
274,匯泉能源股份有限公司
275,臺南市政府經濟發展局工業區科
276,鹽水區公所管線單位帳號
277,宸峰電力股份有限公司
278,承邦國土資訊有限公司
2782,承邦國土資訊有限公司
279,財團法人國家實驗研究院國家地震工程研究中心
28,臺南市仁德區公所
280,臺南市立成功國民中學
281,曼叱壹號能源股份有限公司
282,中華電信臺南營運處規劃設計科
283,臺南市第141期新化區新興自辦市地重劃區重劃會
284,麗升五福股份有限公司
285,交通局交通管制科
286,資通電軍二大隊二中隊網傳隊
287,水利局水利新建工程科
288,台南市政府智慧發展中心
289,新仁能源開發股份有限公司
29,臺南市白河區公所
290,台灣自來水公司南區工程處第四工務所
291,新月能源開發股份有限公司
292,藏識科技有限公司(會辦2)
293,臺南市捷運工程處
294,臺灣港務股份有限公司 高雄港務分公司安平港營運處
295,內政部國土管理署南區都市基礎工程分署-臺南二工務所
296,台南市永康區永康國民小學
297,台南市立永康國民中學
298,國立臺南女子高級中學
299,國立新營高級工業職業學校
3,臺南市後壁區公所
30,臺南市楠西區公所
300,天穹能源股份有限公司
301,皇龍開發股份有限公司
302,經濟部台南產業園區服務中心
303,臺南市第138期東和(一)自辦市地重劃區重劃會
304,臺南市永康區龍潭國民小學
305,臺南市政府交通局(智慧交安科)
306,交通部高速公路局第二新建工程分局
307,官田鋼鐵股份有限公司
308,允登綠能股份有限公司
309,台灣電力公司電力通信處工程組
31,臺南市山上區公所
310,台灣中油天然氣事業部南區營業處管線組
311,八方國土測繪股份有限公司
312,臺南市第125期長安(一)自辦市地重劃區重劃會
313,恒耀國際股份有限公司
314,憲兵指揮部臺南憲兵隊
33,測試(電信類)
37,台南市第110期東光自辦市地重劃區重劃會
39,臺南市政府工務局養護工程科二股
4,臺南市將軍區公所
41,國立成功大學營繕組
42,台灣自來水公司第六區管理處玉井營運所
44,台灣自來水股份有限公司第六區管理處新營營運所
45,台灣自來水股份有限公司第六區管理處白河營運所
46,台灣自來水股份有限公司第六區管理處新市服務所
47,台灣自來水股份有限公司第六區管理處佳里服務所
48,台灣自來水股份有限公司第六區管理處歸仁服務所
49,中華電信台南營運處第三客網中心(新營區)
5,臺南市新化區公所
50,台灣自來水股份有限公司第六區管理處永康服務所
51,臺南市第122期學東自辦市地重劃區重劃會
52,中華電信公司台南營運處第三客網中心(佳里區)
53,中華電信公司台南營運處第一客網中心
54,嘉南農田水利會白河水庫管理處
55,台灣自來水股份有限公司第六區管理處烏山頭給水廠
57,嘉仁加油站股份有限公司
58,大同電信(股)有限公司
59,審計處
6,臺南市佳里區公所
60,水利局污水養護工程科
61,第一工務大隊
64,台南市第九十八期布袋嘴自辦市地重劃區重劃會
65,台灣自來水股份有限公司第六區管理處南化給水廠
66,海巡署南部地區巡防局第五二岸巡大隊
67,台灣中油天然氣南區營業處嘉義供氣中心
68,臺南市第116期永康大灣自辦市地重劃區重劃會
69,台南市政府交通局(民治)
7,臺南市新市區公所
70,養護科一股
72,森霸電力股份有限公司
73,統一企業股份有限公司
74,臺南市安平區公所
75,臺南市中西區公所
76,養護科二股 
78,臺南市政府工務局第二工務大隊
79,台南市第112期怡北(七)自辦市地重劃區重劃會
8,臺南市大內區公所
80,行政院農業委員會水產試驗所海水繁養殖研究中心
81,台灣電力公司輸變電工程處南區施工處第五工務段第二分隊
82,台灣電力公司輸變電工程處南區施工處第五工務段第一分隊
83,臺南市政府工務局第三工務大隊
84,永裕塑膠工業股份有限公司
85,台南市第101期溪東自辦市地重劃區重劃會
86,嘉南農田水利會(佳里區管理處)
87,臺南市第111期總安二自辦市地重劃區重劃會
88,內政部營建署下水道工程處南區分處第一工務所
89,嘉南農田水利會新營區仕安工作站
9,臺南市七股區公所
90,臺南市政府水利局水利行政科
91,台灣中油天然氣南區營業處台南供氣中心
92,台灣大哥大電信股份有限公司(含台灣之星)
94,臺南市政府水利局水門抽水站管理科
95,三浦鍋爐股份有限公司
96,台南市新營區新民國民小學
97,三福氣體股份有限公司
98,台南市政府水利局水利養護工程科
99,台南市南區公所
B004,台灣電力股份有限公司核能火力發電工程處興達施工處
CP01,內政部國土管理署下水道分署
CU01,成功大學公共工程研究中心
E001,台灣電力公司輸變電工程處南區施工處第五工務段第三分隊
E002,台灣電力公司台南區營業處
E003,台灣電力公司嘉南供電區營運處
E005,台灣電力公司電力通信處嘉南通信區
e006,台灣電力公司嘉南供電區營運處土木組
E007,台灣電力股份有限公司新營區營業處
e-01,皇輿科技有限公司
e-02,藏識科技有限公司-管線單位
G001,中國石油公司油品行銷事業部嘉南營業處
G002,中國石油公司油品行銷事業部台南供油服務中心
G003,台灣中油股份有限公司天然氣事業部南區營業處台南供氣中心
G004,欣南天然氣股份有限公司
g006,大台南天然氣股份有限公司
HA02,臺南市政府交通局(永華)
HB01,台南市政府建設及產業管理處
HC01,臺南市東區區公所
HC02,臺南市中西區區公所
HC03,臺南市南區區公所
HC04,臺南市北區區公所
HC05,臺南市安平區區公所
HC06,臺南市安南區區公所
HF01,臺南市政府消防局
HL01,台南市政府地政處
HL02,臺南市政府地政局
HP01,台南市政府民政處
HS01,臺南市政府工務局養護工程科一股
HS02,臺南市政府工務局新建工程科一股
HS03,台南市政府公共工程處-水利工程科
HS05,台南市政府公共工程處-建築管理科
HS06,臺南市政府工務局公園科一股
HU01,台南市政府都市發展局
hw01,臺南市政府水利局污水新建工程科
hw02,水利局污水新建工程科
HW03,臺南市政府水利局雨水下水道工程科
IN01,經濟部工業局台南科技工業區服務中心
IN02,經濟部工業局安平工業區服務中心
IN03,經濟部工業局新營工業區服務中心
IN04,經濟部工業局永康工業區服務中心
IN05,樹谷園區服務中心
IN06,柳營工業區暨環保科技園區
IN07,永康科技工業區
IN08,國家科學及技術委員會南部科學園區管理局
IN09,東雲股份有限公司
IN10,聯亞科技股份有限公司
L001,臺南市稅務局
me01,經濟部工業局
ME02,臺南市政府經濟發展局
MH01,國立臺灣歷史博物館
np01,台江國家公園管理處
P001,松暉營造股份有限公司
P002,竹溪禪寺
p003,太普開發建設(股)公司
p004,嘉南農田水利會新化區管理處
P005,東泰造紙股份有限公司
p006,國辰科技有限公司
p007,亞東工業氣體股份有限公司
p008,湧基營造工程有限公司
p009,柏立企業(股)公司
p010,信益建築無限公司
p011,信益建築無限公司
p012,永達營造股份有限公司
P013,元翔開發有限公司
P014,龍湶水資源股份有限公司
R001,鐵路改建工程局東部工程處(電務隊)
R002,交通部鐵道局中部工程處
R123,皇輿科技有限公司
T001,新世紀資通股份有限公司南區
T002,台灣固網股份有限公司
T003,遠傳電信股份有限公司(含亞太電信)
T005,遠傳電信股份有限公司
T011,國立台南生活美學館
T012,台南市第九十三期海前(二)自辦市地重劃區重劃會
T013,台南市第八十三期海前自辦市地重劃區重劃會
T014,統一精工股份有限公司
T015,臺南市第九十六期舉喜自辦市地重劃區重劃會
T016,臺南市第九十四期安通自辦市地重劃區重劃會
T017,臺南市第102期德高-自辦市地重劃區重劃會
T018,臺南市第105期光賢(三)自辦市地重劃區重劃會
T019,臺南市第九十期原佃自辦市地重劃區重劃會
T020,臺南市第九十二期淵北自辦市地重劃區重劃會
T021,臺南市第104期理想一自辦市地重劃區重劃會
T022,台南市第九十四期安通自辦市地重劃區重劃會
T023,台南市第108期總安一自辦市地重劃區重劃會
TB01,中華電信公司台南營運處第二客網中心
TM01,南部地區資電作戰大隊網路傳輸中隊
TM02,資通電軍三大隊二中隊網傳隊
TP01,臺南市政府警察局交通警察大隊
TP02,內政部警政署警察通訊所台南分所
TP03,臺南市警察局保安民防課
TP04,內政部警政署刑事警察局
TP05,臺南市政府警察局犯罪預防科
TV01,三冠王有線電視股份有限公司
TV02,雙子星有線電視股份有限公司
TV03,新永安有線電視股份有限公司
TV04,南天有線電視股份有限公司
userMap,管線圖資查詢
WA01,台灣自來水公司第六區管理處
WA02,台灣自來水公司台南服務所
WA03,台灣自來水公司台南給水廠
WA04,台灣自來水公司南區工程處
WA05,台灣自來水公司南區工程處第三工務所
WR01,經濟部水利署第六河川局
