"統計期","性別","失業人口/總計[千人]","失業人口/研究所[千人]","失業人口/大學[千人]","失業人口/專科[千人]","失業人口/高中[千人]","失業人口/高職[千人]","失業人口/國中[初職][千人]","失業人口/國小以下[千人]","失業率/全體[%]","失業率/研究所[%]","失業率/大學[%]","失業率/專科[%]","失業率/高中[%]","失業率/高職[%]","失業率/國中[初職][%]","失業率/國小以下[%]"
"67年平均","總計",18,0,2,2,3,4,3,3,2.4,0,2.5,3.5,3.3,4.7,3.1,0
"67年平均","男",11,0,1,1,2,2,2,3,2.1,0,1.8,3.9,3.0,3.4,2.7,0
"67年平均","女",7,0,1,1,1,3,1,1,3.3,0,4.7,2.8,4.2,6.2,4.3,0
"68年平均","總計",12,0,1,2,2,3,1,2,1.6,0,1.1,2.4,2.7,3.5,1.1,0
"68年平均","男",7,0,1,1,1,2,1,2,1.4,0,1.1,2.2,2.4,3.4,1.2,0
"68年平均","女",4,0,0,1,1,2,0,1,2.0,0,1.4,2.9,3.4,3.7,1.0,0
"69年平均","總計",13,0,2,2,2,4,2,2,1.7,0,1.3,2.1,2.3,3.3,1.7,0
"69年平均","男",7,0,1,1,1,1,1,1,1.3,0,1.0,1.4,1.6,2.6,1.5,0
"69年平均","女",6,0,1,1,1,2,1,0,2.5,0,2.3,3.3,4.1,4.0,2.0,0
"70年平均","總計",12,0,2,2,2,3,2,2,1.6,0,1.3,2.3,2.0,2.8,1.7,0
"70年平均","男",7,0,1,1,1,1,1,1,1.3,0,1.3,2.0,1.9,1.8,1.3,0
"70年平均","女",5,0,0,1,1,2,1,1,2.2,0,1.1,2.8,2.4,3.9,2.7,0
"71年平均","總計",23,0,3,4,4,6,4,3,2.8,0,2.4,4.4,3.8,4.2,2.8,0
"71年平均","男",14,0,2,2,2,2,2,2,2.5,0,1.9,4.4,3.2,3.6,2.6,0
"71年平均","女",9,0,1,1,1,3,1,1,3.5,0,3.7,4.3,5.2,4.8,3.4,0
"72年平均","總計",29,0,3,4,5,8,4,4,3.3,0,2.3,4.4,4.5,5.2,3.3,0
"72年平均","男",17,0,2,3,3,3,4,4,3.0,0,2.0,4.6,3.9,3.4,3.8,0
"72年平均","女",12,0,1,2,2,5,1,1,3.9,0,3.2,4.1,6.3,7.0,2.2,0
"73年平均","總計",29,0,4,4,5,7,5,4,3.2,0,2.4,3.9,4.5,4.6,3.7,0
"73年平均","男",18,0,2,2,3,3,3,4,3.0,0,2.0,3.7,3.9,4.2,3.6,0
"73年平均","女",11,0,2,2,2,4,1,1,3.5,0,3.5,4.1,6.0,4.9,4.0,0
"74年平均","總計",33,0,4,5,5,10,5,5,3.6,0,2.6,4.5,4.1,5.7,3.5,0
"74年平均","男",20,0,2,3,3,4,3,4,3.3,0,2.2,4.7,3.6,4.1,3.5,0
"74年平均","女",14,0,2,2,2,6,1,1,4.1,0,3.5,4.1,5.3,7.3,3.5,0
"75年平均","總計",34,0,5,5,5,10,5,5,3.4,0,2.8,3.5,4.5,5.2,3.8,0
"75年平均","男",21,0,3,3,3,4,4,4,3.4,0,2.5,3.9,4.0,4.2,4.0,0
"75年平均","女",13,0,2,1,2,6,1,1,3.6,0,3.4,2.8,5.5,6.2,3.0,0
"76年平均","總計",27,0,4,4,4,8,4,3,2.6,0,2.1,2.7,3.0,4.1,2.8,0
"76年平均","男",16,0,2,2,2,4,3,2,2.4,0,1.7,2.6,2.9,3.8,2.9,0
"76年平均","女",11,0,2,2,1,4,1,1,2.8,0,3.0,2.9,3.3,4.3,2.5,0
"77年平均","總計",22,0,3,4,3,6,3,2,2.0,0,1.6,2.5,2.3,3.0,2.0,0
"77年平均","男",12,0,2,2,2,3,2,1,1.8,0,1.2,2.6,2.0,2.7,1.9,0
"77年平均","女",10,0,2,2,1,4,1,1,2.4,0,2.6,2.3,3.0,3.3,2.3,0
"78年平均","總計",19,0,3,3,3,5,3,2,1.7,0,1.4,1.8,2.5,2.2,1.9,0
"78年平均","男",12,0,2,2,2,2,2,2,1.7,0,1.2,2.0,2.6,1.9,1.8,0
"78年平均","女",7,0,1,1,1,3,1,0,1.8,0,1.9,1.6,2.2,2.5,2.0,0
"79年平均","總計",20,0,3,5,3,5,3,1,1.8,0,1.3,2.5,2.4,2.5,2.0,0
"79年平均","男",12,0,2,3,2,3,2,1,1.8,0,1.3,2.6,2.4,2.3,2.3,0
"79年平均","女",8,0,1,2,1,3,1,0,1.8,0,1.2,2.4,2.3,2.7,1.3,0
"80年平均","總計",22,0,3,5,4,5,3,2,2.0,0,1.6,2.7,2.4,2.2,2.3,0
"80年平均","男",13,0,2,3,2,2,3,1,1.9,0,1.5,2.5,2.0,2.2,2.4,0
"80年平均","女",9,0,1,2,2,2,1,0,2.1,0,2.0,2.9,3.3,2.3,1.9,0
"81年平均","總計",21,0,5,3,3,5,3,1,1.8,0,2.0,1.6,2.2,2.3,2.2,0
"81年平均","男",12,0,2,2,2,2,2,1,1.7,0,1.6,1.7,2.1,2.0,2.3,0
"81年平均","女",9,0,2,1,1,3,1,0,2.0,0,3.0,1.5,2.4,2.5,2.0,0
"82年平均","總計",20,0,4,4,3,5,3,2,1.8,0,1.7,2.0,1.8,2.2,1.9,0
"82年平均","男",11,0,2,2,2,2,2,1,1.7,0,1.4,1.6,2.0,2.1,1.8,0
"82年平均","女",9,0,2,2,1,3,1,0,2.0,0,2.1,2.6,1.6,2.3,2.1,0
"83年平均","總計",20,0,4,4,3,5,2,2,1.7,0,1.7,1.7,1.8,2.1,1.8,0
"83年平均","男",11,0,2,2,2,2,2,1,1.7,0,1.3,1.6,1.9,1.9,2.0,0
"83年平均","女",9,0,2,2,1,3,1,1,1.8,0,2.2,1.8,1.6,2.3,1.5,0
"84年平均","總計",25,0,5,4,3,7,3,2,2.1,0,1.9,2.0,2.2,2.9,2.2,0
"84年平均","男",15,0,3,3,2,3,2,1,2.2,0,1.7,2.2,2.2,2.7,2.7,0
"84年平均","女",10,0,3,2,1,4,1,0,2.0,0,2.3,1.7,2.2,3.0,1.3,0
"85年平均","總計",34,0,7,7,5,8,4,2,2.9,0,2.6,3.3,3.5,3.3,3.0,0
"85年平均","男",20,0,4,4,3,4,3,2,3.1,0,2.5,3.5,3.5,3.5,3.6,0
"85年平均","女",13,0,3,3,2,4,1,1,2.7,0,2.7,3.1,3.6,3.1,2.0,0
"86年平均","總計",33,0,7,6,5,7,5,3,2.9,0,2.5,2.6,3.6,3.2,3.9,0
"86年平均","男",21,0,4,4,3,4,4,2,3.2,0,2.2,2.9,4.0,3.7,4.6,0
"86年平均","女",12,0,3,2,2,3,1,1,2.5,0,2.9,2.3,2.9,2.7,2.6,0
"87年平均","總計",29,0,6,6,4,7,4,2,2.6,0,2.1,2.6,2.6,3.3,3.2,0
"87年平均","男",18,0,4,3,2,4,3,2,2.9,0,2.2,2.6,2.6,3.8,4.0,0
"87年平均","女",11,0,3,3,1,3,1,0,2.2,0,2.0,2.6,2.7,2.8,1.8,0
"88年平均","總計",33,0,7,7,5,8,4,2,2.9,0,2.2,2.7,3.8,3.5,3.4,0
"88年平均","男",22,0,4,4,4,5,3,2,3.3,0,2.1,2.9,4.5,4.3,4.1,0
"88年平均","女",11,0,3,3,1,3,1,0,2.3,0,2.3,2.4,2.5,2.7,2.1,0
"89年平均","總計",32,0,8,6,5,7,4,2,2.7,0,2.3,2.4,3.3,3.0,3.4,2.5
"89年平均","男",19,0,4,3,4,3,3,1,2.9,0,2.0,2.5,3.9,3.1,3.9,3.8
"89年平均","女",13,0,4,3,1,4,1,0,2.5,0,2.8,2.2,2.2,2.9,2.4,1.3
"90年平均","總計",46,0,9,9,7,12,6,2,3.9,0,2.6,3.7,4.9,5.0,5.6,3.8
"90年平均","男",30,0,5,6,5,7,5,1,4.6,0,2.5,4.4,5.8,6.5,6.0,5.7
"90年平均","女",16,0,4,3,2,4,2,1,3.1,0,2.9,2.8,3.2,3.5,4.9,2.2
"91年平均","總計",54,0,12,13,8,14,6,2,4.6,0,3.1,4.9,5.5,5.9,5.4,4.1
"91年平均","男",34,0,6,8,6,8,5,1,5.3,0,2.9,5.6,6.7,7.0,7.2,6.5
"91年平均","女",20,0,6,5,2,6,1,0,3.8,0,3.4,4.2,3.5,5.0,2.0,2.0
"92年平均","總計",53,0,12,11,8,15,5,2,4.6,0,3.1,4.2,5.6,6.7,5.5,3.8
"92年平均","男",32,0,6,7,6,9,4,1,5.0,0,2.7,4.7,6.6,8.1,6.5,4.9
"92年平均","女",21,0,6,4,2,7,1,1,4.0,0,3.6,3.5,3.8,5.4,3.6,2.5
"93年平均","總計",49,0,13,11,6,13,5,2,4.2,0,3.1,4.1,4.4,5.7,5.2,3.5
"93年平均","男",30,0,7,6,4,8,4,1,4.6,0,2.8,4.4,5.3,7.3,6.0,4.1
"93年平均","女",19,0,7,5,1,5,1,1,3.6,0,3.5,3.7,2.9,4.3,3.6,2.7
"94年平均","總計",46,0,14,11,6,9,5,1,3.9,0,3.2,4.1,4.6,4.2,5.9,2.6
"94年平均","男",28,0,7,7,4,6,4,1,4.4,0,3.1,4.8,4.8,5.5,7.0,3.1
"94年平均","女",18,0,7,4,2,3,1,0,3.3,0,3.4,3.3,4.1,3.0,3.5,1.8
"95年平均","總計",44,0,16,9,5,9,3,1,3.7,0,3.2,3.6,4.7,4.3,4.2,3.3
"95年平均","男",26,0,9,5,4,5,3,1,4.0,0,3.2,3.8,5.0,4.8,4.9,4.3
"95年平均","女",18,0,7,4,2,4,1,0,3.4,0,3.2,3.2,4.2,3.9,2.7,2.0
"96年平均","總計",45,0,19,8,5,9,3,1,3.7,0,3.6,3.2,4.4,4.5,3.9,1.9
"96年平均","男",25,0,9,4,4,5,2,0,3.8,0,3.4,3.3,5.0,4.8,4.6,2.5
"96年平均","女",20,0,9,4,1,5,1,0,3.6,0,3.8,3.1,3.3,4.2,2.4,1.2
"97年平均","總計",50,0,21,10,5,9,3,1,4.0,0,3.7,4.1,4.8,4.5,4.9,1.6
"97年平均","男",28,0,11,6,4,4,3,0,4.3,0,3.8,4.8,5.1,4.4,5.8,2.2
"97年平均","女",21,0,10,4,2,5,1,0,3.7,0,3.7,3.3,4.3,4.6,3.1,0.9
"98年平均","總計",72,0,32,15,7,12,4,1,5.8,0,5.4,6.0,6.7,6.4,6.3,4.4
"98年平均","男",43,0,18,9,5,7,3,1,6.6,0,5.7,7.2,7.5,7.7,7.5,5.2
"98年平均","女",29,0,15,6,2,5,1,0,4.9,0,5.0,4.7,5.4,5.2,3.6,3.5
"99年平均","總計",65,0,32,11,6,11,4,1,5.2,0,5.1,4.6,6.2,5.8,6.6,2.9
"99年平均","男",40,0,18,8,4,6,3,1,6.1,0,5.6,6.1,7.1,6.6,7.4,3.6
"99年平均","女",25,0,14,3,2,5,1,0,4.3,0,4.5,3.0,4.8,5.1,4.9,1.8
"100年平均","總計",56,4,25,10,5,9,2,1,4.4,2.4,5.1,4.0,5.2,5.0,4.3,2.5
"100年平均","男",33,2,12,6,4,5,2,0,4.9,2.0,5.3,5.0,6.4,5.9,4.8,3.7
"100年平均","女",24,2,13,3,1,4,1,0,4.0,2.8,5.0,2.9,3.3,4.1,3.2,0.9
"101年平均","總計",54,5,26,9,4,7,3,0,4.3,2.8,4.9,4.0,3.8,4.3,5.4,2.5
"101年平均","男",32,3,14,5,3,4,3,0,4.8,3.2,5.4,4.3,4.6,4.7,6.7,3.0
"101年平均","女",22,2,12,4,1,3,0,0,3.7,2.3,4.4,3.5,2.4,3.9,2.0,2.0
"102年平均","總計",55,7,29,8,3,7,2,0,4.2,3.2,5.2,3.5,3.0,4.1,3.9,1.7
"102年平均","男",33,3,17,5,2,5,1,0,4.8,2.8,6.4,3.8,3.3,5.1,4.1,1.5
"102年平均","女",22,3,12,3,1,2,0,0,3.6,3.5,4.1,3.1,2.5,2.8,3.1,2.1
"103年平均","總計",52,5,28,9,3,6,2,0,4.0,2.2,4.7,3.9,3.5,4.0,4.5,2.8
"103年平均","男",33,2,16,6,2,5,1,0,4.7,1.7,5.6,4.8,4.9,5.5,4.8,3.2
"103年平均","女",20,3,12,3,0,1,0,0,3.2,2.7,3.9,2.8,1.0,1.9,3.4,2.4
"104年平均","總計",50,5,28,7,2,5,1,0,3.8,2.3,4.6,3.3,3.3,3.4,4.7,4.0
"104年平均","男",30,3,15,5,2,3,1,0,4.3,2.7,5.1,4.2,3.6,3.8,5.4,5.4
"104年平均","女",19,2,13,2,1,1,0,0,3.1,1.8,4.1,2.0,2.6,2.6,1.9,1.9
"105年平均","總計",52,6,29,7,4,5,1,0,3.9,2.5,4.6,3.3,5.0,3.8,4.3,1.8
"105年平均","男",33,3,17,5,2,4,1,0,4.6,2.7,5.6,4.4,5.1,4.3,4.4,2.3
"105年平均","女",20,3,12,2,1,2,0,0,3.1,2.3,3.7,1.8,4.9,3.1,3.6,1.3
"106年平均","總計",50,5,29,7,2,6,1,0,3.8,2.1,4.7,3.3,2.7,4.0,3.4,1.8
"106年平均","男",29,2,16,5,1,4,1,0,4.1,1.4,5.5,4.0,2.3,4.8,4.5,1.3
"106年平均","女",21,4,13,2,1,2,0,0,3.4,2.8,4.0,2.4,3.3,2.9,1.2,2.0
"107年平均","總計",49,8,27,5,3,5,1,0,3.7,3.2,4.4,2.6,3.4,3.5,3.4,1.1
"107年平均","男",26,4,12,3,2,3,1,0,3.7,3.0,4.1,2.6,4.5,4.0,4.9,2.6
"107年平均","女",23,4,15,2,0,2,0,0,3.7,3.3,4.6,2.7,1.3,2.9,0.1,0
"108年平均","總計",50,7,29,5,4,4,1,1,3.7,2.6,4.8,2.4,4.7,2.7,2.4,4.5
"108年平均","男",27,2,15,3,3,3,1,0,3.8,1.8,5.5,2.7,5.1,3.1,2.2,1.4
"108年平均","女",22,4,13,2,1,1,0,1,3.6,3.3,4.2,2.0,3.8,2.0,2.9,8.6
"109年平均","總計",51,6,32,6,6,0,1,0,3.9,2.3,5.1,3.1,3.1,0,2.9,0.9
"109年平均","男",27,3,14,4,4,0,1,0,3.8,2.4,4.9,3.4,3.2,0,3.7,0.6
"109年平均","女",25,3,18,2,2,0,0,0,3.9,2.2,5.3,2.5,2.9,0,0.6,1.4
"110年平均","總計",52,6,34,5,7,0,1,0,4.0,2.4,5.1,2.8,3.6,0,3.7,1.4
"110年平均","男",29,3,18,3,5,0,1,0,4.3,2.3,5.7,2.8,4.2,0,4.0,1.5
"110年平均","女",23,3,16,2,2,0,0,0,3.8,2.4,4.6,2.8,2.7,0,2.8,1.3
"111年平均","總計",44,4,30,4,5,0,1,0,3.7,1.9,4.8,2.5,2.8,0,3.7,2.1
"111年平均","男",23,2,14,2,3,0,1,0,3.5,1.8,4.8,2.4,3.1,0,4.2,2.7
"111年平均","女",22,2,16,2,1,0,0,0,3.8,1.9,4.9,2.7,2.4,0,2.6,1.3
"112年平均","總計",43,5,25,5,6,0,1,0,3.5,2.1,4.3,3.0,3.6,0,2.1,0
"112年平均","男",23,3,13,3,4,0,0,0,3.6,2.1,4.6,3.4,3.8,0,2.5,0
"112年平均","女",19,2,13,2,2,0,0,0,3.3,2.2,4.1,2.6,3.2,0,1.5,0
"113年平均","總計",42,7,24,5,5,0,0,0,3.5,2.8,4.1,3.2,3.1,0,1.6,0.7
"113年平均","男",22,4,11,3,4,0,0,0,3.4,2.8,4.0,3.0,3.7,0,1.3,0
"113年平均","女",20,3,13,3,1,0,0,0,3.5,2.9,4.2,3.4,2.1,0,1.9,1.5

